{
  "Italian": [12.5674, 41.8719],
  "Japanese": [138.2529, 36.2048],
  "Mexican": [-102.5528, 23.6345],
  "Indian": [78.9629, 20.5937],
  "French": [1.8883, 46.6034],
  "Chinese": [104.1954, 35.8617],
  "Thai": [100.9925, 15.8700],
  "Spanish": [-3.7492, 40.4637],
  "Greek": [21.8243, 39.0742],
  "Moroccan": [-7.0926, 31.7917],
  "Turkish": [35.2433, 38.9637],
  "Korean": [127.7669, 35.9078],
  "Vietnamese": [108.2772, 14.0583],
  "Lebanese": [35.8623, 33.8547],
  "Brazilian": [-51.9253, -14.2350],
  "Ethiopian": [39.8282, 9.1450],
  "Caribbean": [-61.2225, 13.1939],
  "German": [10.4515, 51.1657],
  "Russian": [105.3188, 61.5240],
  "British": [-3.435973, 55.378051],
  "Peruvian": [-75.0152, -9.1899],
  "Argentinian": [-63.6167, -38.4161],
  "Portuguese": [-8.2245, 39.3999],
  "Polish": [19.1451, 51.9194],
  "Swedish": [18.6435, 60.1282],
  "Norwegian": [8.4689, 60.4720],
  "Danish": [9.5018, 56.2639],
  "Dutch": [5.2913, 52.1326],
  "Belgian": [4.4699, 50.5039],
  "Swiss": [8.2275, 46.8182],
  "Austrian": [14.5501, 47.5162],
  "Hungarian": [19.5033, 47.1625],
  "Romanian": [24.9668, 45.9432],
  "Bulgarian": [25.4858, 42.7339],
  "Ukrainian": [31.1656, 48.3794],
  "Israeli": [34.8516, 31.0461],
  "Iranian": [53.6880, 32.4279],
  "Iraqi": [43.6793, 33.2232],
  "Egyptian": [30.8025, 26.8206],
  "Tunisian": [9.5375, 33.8869],
  "Algerian": [1.6596, 28.0339],
  "South African": [22.9375, -30.5595],
  "Nigerian": [8.6753, 9.0820],
  "Kenyan": [37.9062, -0.0236],
  "Ghanaian": [-1.0232, 7.9465],
  "Senegalese": [-14.4524, 14.4974],
  "Malaysian": [101.9758, 4.2105]
}